id,mentor_name,job_title,description
64,Raditya Dika,Penulis,"Raditya adalah definisi dari seorang kreator - mulai dari buku, stand-up comedy, film layar besar, konten YouTube - Raditya telah melakukan semuanya. Melalui karya buku yang dibuatnya ketika berumur 21 tahun, Kambing Jantan: Sebuah Catatan Harian Pelajar Bodoh, Raditya berhasil memikat hati para pembaca di Indonesia dengan isi cerita yang unik dan style pembawaan yang sangat natural. Sejak saat itu, nama Raditya Dika kental diasosiasikan dengan elemen kreatif. "
137,Dee Lestari,Penulis,"Dewi Lestari atau biasa dikeisl dengkebanyakan karya bukunya bergenre fiksi ilmiahyang kebanyakan karya bukunya bergenre fiksi ilmiah. Dee mulai dikenal sejak tahun 2001 mekuka menerbitkan novel berjudul Supernove yang kemudian diangkat menjadi film. Tidak hanya Supernova, novel yang ditulis oleh Dee juga tidak sedikit yang diangkat menjadi film."
90,Butet Kertaredjasa,Seniman,"Seorang seniman dan aktor kondang dari Indonesia, Butet memiliki segudang pengalaman dalam industri kreatif Indonesia - dengan lebih dari 10 title film dimana beliau memiliki sebuah peran, dan rekam jejak pentas monolog yang impresif dari tahun 1986 hingga 2010."
82,Didik Ninik Thowok,Seniman,"Hampir 50 tahun Didik telah menggeluti bidang menari hingga saat ini. Didik menyerap beragam budaya dan tarian dengan berguru pada maestro tari Bali, I Gusti Gde Raka; tari klasik sunda dari Endo Suanda; hingga tari Flamenco ala Spanyol. Didik tidak hanya menarik perhatian dari orang dalam negeri, seorang peneliti Jepang bahkan membuatkannya buku biografi yang telah diterjemahkan ke dalam beberapa bahasa."
143,Martha  Suherman,Fotografer,"Martha Suherman adalah seorang fotografer profesional yang fokus terhadap fotografi di bidang  korporat dan komersial. Mengawali karir sebagai Graphic Designer di tahun 2000, Martha memutuskan untuk berubah haluan menjadi fotografer di tahun 2007. Sejak saat itu, Martha telah bekerjasama dengan berbagai korporat ternama di Indonesia, dan juga telah mengisi berbagai macam acara serta majalah dengan karya-karyanya yang diciptakan melalui kamera."
33,Jonathan Sudharta,CEO Halodoc,"Seorang pionir di bidang HealthTech di Indonesia, Jonathan membangun Halodoc dari nol hingga saat ini dimana mereka telah memudahkan akses kesehatan untuk 18 juta orang Indonesia melalui teknologi."
35,Arnold Poernomo,Restaurateur,"Salah satu tokoh yang paling berpengaruh di industri F&B Indonesia, Chef Arnold memiliki segudang pengalaman di dunia makanan dan minuman; dari menjadi seorang juri di MasterChef Indonesia, hingga menciptakan restoran di Indonesia dan Australia."
183,Steven Wang,CEO Dropzilla,Steven merupakan seorang digital creator di Instagram maupun TikTok. Steven mulai membuat konten di Instagram sejak 2015 dan TikTok sejak awal 2020. Konten di Instagram berawal dari share #foodmemo dan TikTok yang berisi tips & “tau gak sih?”
38,Michella Ham,CEO Skin Game,"Berbekal IDR 5juta, Michella menciptakan Skin Game pada tahun 2018, mengembangkannya menjadi merek perawatan kulit  terkemuka di Indonesia dengan pengikut setia untuk produk-produknya."
139,Petra Barus,CTO of Kuncie,"Seseorang yang sangat kental dengan dunia teknologi, Petra Barus memiliki rekam jejak yang spektakuler. Salah satu terobosan awalnya adalah peran Petra dalam membangun UrbanIndo.com, startup platform real estate online terbesar di Indonesia, sebagai Chief Technology Officer. UrbanIndo.com pun akhirnya diakuisisi oleh 99.co. Petra lalu melebarkan sayapnya ketika bergabung dengan Amazon Web Services Indonesia sebagai Developer Relations di tahun 2019.  Di tahun 2021, Petra bergabung dengan Kuncie sebagai Chief Technology Officernya, peran yang dipegang hingga saat ini."
140,Andry Susanto,Chef Oma Elly,"Diawali dengan posting di Instagram tentang proses memasak yang ditekuni Chef Andry, respon teman-teman terdekat pun sangat hangat, hingga ada seorang teman yang ingin merayakan ulang tahunnya di dapurnya. Melalui pengalaman unik nan apik tersebut, word of mouth pun mulai menyebar tentang dining experience yang didapatkan. Tidak kaget, dengan perpaduan rasa makanan yang begitu lezat serta ambience tempat yang sangat homey, Oma Elly menjadi salah satu nama terdepan ketika penduduk Jakarta sedang merundingkan fine dining experience."
3,Hendra Hilman,Business Coach,Seorang business coach ternama dengan track record kesuksesan yang sangat baik. Coach Hendra telah membimbing dan mendidik lebih dari 100 direct business owner di Indonesia dan dalam kancah internasional
133,Bagus Widnyana,Content Creator,"Seorang content creator yang sangat terkenal baik di platform TikTok atau Instagram, Bagus memiliki segudang pengalaman dalam proses pembuatan konten. Bagus mengasah skillnya melalui kerjasama dengan berbagai brand ternama di Indonesia, seperti Traveloka, Nestle, Lemonilo, hingga Bibit.
"
26,Eunike Selomith,Founder dr soap,"Seorang pengusaha yang membangun dr soap, pelopor produsen & penjual produk hygiene premium di Indonesia. Eunike juga memiliki passion dalam pemberdayaan wanita, dimana ia sering berbagi pengalaman melalui berbagai macam platform online."
28,Sibarani Sofian,"Founder, Urban+","Seorang urban designer yang handal dengan pengalaman profesional lebih dari 20 tahun bekerja di seluruh Asia, dengan rekam jejak yang luar biasa dalam membangun organisasi yang hebat dengan budaya kerja tim yang menginspirasi."
87,Nicko Widjaja,CEO BRI Ventures,"Sempat diragukan oleh banyak pihak saat ditunjuk menjadi pimpinan MDI Ventures, Nicko menunjukkan prestasinya dengan melakukan IPO untuk dua perusahaan dimana MDI Venture berinvestasi. Nicko dikenal sebagai pionir dalam bidang investasi teknologi di Indonesia"
127,Rizky Arief Dwi Prakoso,CEO HMNS Perfume,"Seorang entrepreneur dari usia yang relatif sangat muda, Rizky Arief memiliki track record  yang sangat mengesankan. Diawali dengan menjadi CEO di NAH Project, yang terkenal sebagai salah satu brand sepatu favorit dari Presiden Republik Indonesia, Joko Widodo. Berlanjut dari kesuksesannya di NAH Project, Rizky menciptakan brand perfumery bernama HMNS, yang berhasil menuai berbagai penghargaan atas kualitas produk yang mumpuni, menjadi salah satu brand perfume ternama di Indonesia, bersaing dengan brand-brand besar internasional di pasar domestik. "
32,Raharja Putra,Copywriting Guru,Seorang copywriter & content creator dengan pengalaman lebih dari 5 tahun di berbagai perusahaan. Aktif berbagi ilmu copywriting dan bahasa Indonesia melalui akun instagram @rahardjapoetra.
53,Fiona Anthony,Founder Bakepack,"Sebelum mendirikan Bakepack, Fiona memiliki pengalaman yang cukup panjang menjadi pramugari salah satu maskapai internasional. Pengalaman tersebut membuatnya memiliki concern yang tinggi pada customer service di bisnisnya yang sekarang."
136,Bimo Kusumo,Voiceover Talent,"Bimo Kusuma adalah seorang Voice Over Talent yang sudah memulai karirnya sejak kecil. Sejak kecil Bimo sudah mengisi voice over komersil dan juga non-komersil, selain itu Bimo juga memulai karirnya sebagai penyiar di beberapa stasiun radio seperti Mustang 88.0 FM, Indika FM 91.60 FM, dan Power FM 89.20 FM. Keahlian tersebut dibawa Bimo ke dalam akun TikTok miliknya dan mendapatkan 2,9 juta likes dengan 345,4 ribu pengikut."
95,Michelle Sulistyo,CMO at Kulo Group,"Seseorang yang memang suka kopi sebelum membangun bisnis pertamanya, Kedai Kopi Kulo, Michelle telah berhasil melebarkan sayapnya untuk merangkul tidak hanya industri minuman kopi, tapi hingga all you can eat, sambal, hingga minuman boba! Tidak bisa diragukan lagi, Michelle dan KULO Group dapat memikat hati pelanggan dengan brand-brand inovatif yang diciptakan!"
55,Devy Natalia,Co-Owner BohoBaby,"Devy mendirikan Bohobaby pada 2017, diawali dengan keresahannya yang merasa sulit untuk mendapatkan pakaian bayi yang diinginkannya. Kemudian dia mengontak temannya, Irene, untuk mendirikan sebuah bisnis yang menjual baju untuk bayi dan anak. Saat ini Bohobaby telah melakukan penjualan hingga Eropa dan Amerika Serikat."
61,Aries Lukman,Founder iPhonesia,"Disamping pekerjaan sehari-harinya sebagai seorang Factory Manager sebuah perusahaan manufaktur, Aries memiliki sebuah hobi yang dikembangkannya sejak lama. Hobi tersebut adalah mobilephotography. Hobi ini yang membuatnya mendirikan iPhonesia yang kini merupakan komunitas mobilephotography terbesar di Indonesia."
131,Aghnia Punjabi,Owner Sylmi Basic,"Seorang Key Opinion Leader dengan keahlian di bidang kecantikan dan make-up, Aghnia juga memiliki jiwa kewirausahaan yang kuatt - ditunjukkan dengan bisnis-bisnisnya di bidang F&B dan Fashion. Dengan pengalaman tersebut, Aghnia dapat dengan jelas mengidentifikasi kebutuhan dan kecocokan sebuah brand dengan target pasar yang diincar, hingga waktu yang tepat untuk rebranding sebuah bisnis."
141,Angelina Prisilla,Owner Wijaya Betta,"Menggemari dunia ikan cupang semenjak duduk di bangku SMA, Angelina tidak membiarkan stigma bahwa industri ini jarang didalami seorang wanita menjadi penghalang. Melalui proses yang panjang dan tingkat dedikasi yang tinggi, Prisilla berhasil membangun brand Wijaya Betta sebagai salah satu penjual ikan cupang serta tempat lelang ikan cupang terkemuka di Indonesia. Tak hanya itu, Prisilla juga mengasah taringnya di kontes ikan cupang skala nasional hingga internasional, dengan berbagai penghargaan yang diraih."
66,Shopee  ,Platform eCommerce,"Shopee adalah platform e-commerce terkemuka di Asia Tenggara dan Taiwan. Diluncurkan di tahun 2015, Shopee adalah platform yang disesuaikan untuk wilayah Asia Tenggara, memberikan para pelanggan pengalaman belanja online yang mudah, aman dan cepat melalui dukungan pembayaran dan fulfillment yang kuat. Shopee percaya bahwa aktifitas berbelanja online harus dapat diakses secara mudah dan menyenangkan."
92,Bukalapak  ,eCommerce Platform,"Bukalapak merupakan salah satu perusahaan e-commerce di Indonesia yang berdiri pada tahun 2010, Bukalapak awalnya merupakan toko daring yang memungkinkan para pelaku Usaha Kecil dan Menengah (UKM) untuk merambah ke dunia maya. Perusahaan tersebut kini telah melakukan ekspansi ke berbagai lini bisnis lain, termasuk membantu meningkatkan penjualan para warung tradisional lewat layanan Mitra Bukalapak."
129,Dinda Puspitasari,Fashion Illustrator,"Sebagai seseorang yang menggemari proses kreatif visual seperti menggambar sejak masa dini, Dinda selalu mengharapkan untuk dapat mengubah aktifitas tersebut sebagai sumber pemasukan. Mengawali karirnya di sebuah pekerjaan non-kreatif, Dinda mulai mencoba untuk menyeriuskan keahlian tersebut, dan berhasil untuk mendapatkan berbagai klien nama besar dalam portofolio jasanya. Kini, Dinda adalah seorang fashion ilustrator ternama di Indonesia, dengan puluhan ribu penggemar di media sosialnya"
34,Cempaka Asriani,Founder SARE Studio,"Berpengalaman di bidang fashion journalism, Cempaka yang memiliki jiwa kewirausahaan kuat, saat ini memiliki beberapa lini bisnis terutama di bidang Fashion dan B&B."
148,Jessica Lin,Co-founder Everwhite,"Berawal dari kesulitannya dalam mencari produk skincare yang cocok untuk kulitnya, Jessica memutuskan untuk memulai bisnis skincare di usia mudanya saat skincare brand lokal masih belum banyak peminatnya. Produk skincarenya, Everwhite, berhasil menggaet dan dipercaya oleh banyak pelanggan dan juga memajukan industri beauty di Indonesia. Dengan meningkatnya persaingan, Jessica pun memutuskan untuk menggandeng Kim Seon Ho sebagai brand ambassador dari Everwhite. Kini Everwhite sudah merambah kancah internasional dan dirinya masuk dalam jajaran Forbes 30 Under 30 di tahun 2021. "
78,Alam Akbar,Founder & CEO Kasual,"Alam memiliki pengalaman yang cukup panjang dalam industri fashion. Selepas lulus dari Universitas Indonesia, dia mendirikan Premium Shop, sebuah all-in-one e-commerce platform yang menghasilkan pendapatan tahunan mencapai satu milyar rupiah pada tahun kedua. Setelah sukses dengan Premium Shop, dia mendirikan Kasual yang memiliki fokus pada fitur kustom produk fashion."
119,Melvin Mumpuni,"Founder, Finansialku","Melvin memiliki latar belakang pendidikan yang cukup beragam. Dia mendapatkan gelar sarjana teknik sipil dan melanjutkan untuk mengambil MBA di bidang keuangan. Pada masa pengerjaan tesis, Melvin menemukan sebuah masalah yang membuatnya berniat untuk mendirikan Finansialku.com."
118,Alditsa  Decca,Owner SundaySundayCo,"Diawali dengan perasaan bahwa pakaian yang sering dipakai Alditsa ketika menampilkan keahliannya di atas panggung bersama dengan Pee Wee Gaskins kurang cocok dengan style yang dia sukai, ada keingingnan untuk menciptakan brand pakaian sendiri. Dari keinginan ini, dan modal yang cukup minim sejumlah 5 juta rupiah, Alditsa memulai SundaySundayCo, brand yang mengedepankan konsep chill dan santai berdasarkan logo es krim serta hari Minggu yang sering dianggap sebagai hari tersantai dalam seminggu. Konsep unik ini telah sering kita lihat dalam berbagai kolaborasi apik dengan brand-brand lokal lainnya, di antara produk-produk SundaySundayCo sendiri yang berhasil menarik perhatian massa dari tahun 2010 hingga kini"
130,Andanu Prasetyo,Owner Toko Kopi Tuku,"Seorang pebisnis yang sudah memiliki bisnis kuliner sebelum Toko Kopi Tuku, Andanu Prasetyo atau Tio ingin menciptakan sebuah bisnis kopi yang enak dan terjangkau oleh khalayak luas. Diawali dengan riset intensif selama 1 tahun di Bali, Jogja, hingga Australia, Tio menemukan hal-hal yang menggambarkan kondumen Indonesia dan menggunakan itu sebagai landasan bisnisnya. Kini, Toko Kopi Tuku sering dikenal sebagai pelopor tren Es Kopi Susu, spesifiknya di Jakarta, dan telah memiliki lebih dari 5 cabang fisik."
71,Andhyka Darwin,Co-Founder Roti Nogat,"Meskipun memiliki latar belakang IT, Andhyka memiliki beragam pengalaman di dunia bisnis F&B selama lebih dari sepuluh tahun. Selain mendirikan Roti Nogat yang membawa tren roti nogat di tahun 2015, dirinya juga orang di balik Gudang Rottie dan Oleander Kitchen Bakery."
54,Uma Hapsari,Founder & CEO AMAZARA,"Semasa kuliah di Australia, Uma memiliki beragam pengalaman unik di dunia fashion seperti menjadi Sales untuk Nine West Group dan kolumnis di Grapeshot Magazine. Hal ini yang mempengaruhi cara pandangnya terhadap dunia bisnis fashion saat mendirikan AMAZARA."
149,Rex Marindo,Founder & CEO Foodizz,"Rex Marindo adalah seorang founder grup bisnis Citarasaprima (CRP Group) yang mengelola 3 brand FnB yakni Nasi Goreng Mafia, Bakso Boedjangan, dan Warunk Upnormal. Selain membangun bisnis kuliner, Rex juga merupakan seorang CEO dari Foodizz, platform edukasi bisnis FnB pertama di Indonesia. Rex adalah figur edukator bisnis kuliner yang membantu para entrepreneur di Indonesia agar sukses dalam mengembangkan bisnis kulinernya."
138,Andy Sukma Lubis,Founder Melukis Slide,"Seseorang yang awalnya bekerja sebagai seorang auditor, dengan latas belakang pendidikan di bidang akuntansi dan manaejemen finansial, Andy Sukma Lubis rasanya jauh sekali dari dunia desain. Namun, di tahun 2012, Andy mulai jatuh cinta dengan aplikasi desain dan ingin mendalami bidang tersebut. Tidak membiarkank latar belakangnya sebagai penghalang, di tahun 2015, Andy menciptakan Melukis Slide, sebuah platform yang memberikan workshop dan kelas tentang cara menaikkan level presentasi dari segi visual dan penyampaian informasi. Hingga kini, Melulkis Slide telah memberikan lebih dari 45 workshop ke lembaga-lembaga ternama di Indonesia. "
31,Gufron Syarif,CEO & Co-founder HAUS!,"Pengusaha berpengalaman dan CEO HAUS!, sebuah start-up F&B berbasis minuman dan makanan kekinian dengan harga terjangkau."
122,Christian Sugiono,"CEO & Founder, Cumi.ID","Christian Sugiono adalah seorang aktor dan model dari Indonesia yang mulai dikenal oleh warga Indonesia di tahun 2005 ketika membintangi film Catatan Akhir Sekolah. Setelah peran tersebut, Christian membintangi banyak film lainnya, hingga ada yang ditayangkan di layar kaca internasional. Tak hanya itu, Christian juga telah menjadi brand ambassador bisnis ternama seperty Gatsby dan Hewlett Packard (HP)."
125,Dayu Dara Permata,"CEO & Founder, Pinhome","Seorang visioner yang mengawali karirnya sebagai seorang konsultan handal, Dayu lalu mendapatkan kesempatan untuk bekerja dengan salah satu platform ride-hailing terbesar di Indonesia. Di perusahaan tersebut, Dayu membangun salah satu produk lifestyle mereka yang berhasil menjadi sebuah cerita sukses dengan berbagai macam pencapaian. Memiliki visi dan passion sendiri, Dayu lalu menetapkan untuk menciptakan startupnya sendiri - Pinhome! Di Pinhome, Dayu berencana untuk memberikan sebuah revolusi positif terhadapt sektor properti di Indonesia."
48,Annisa Pratiwi,Co-founder Ladang Lima,"Co-founder Ladang Lima, pelopor makanan bebas gluten di Indonesia yang menjual berbagai produk sehat mulai dari tepung serbaguna hingga mie vegetarian"
81,Eva Alicia,Founder She Wears Gold,"Eva belum menginjak umurnya yang ke-20 tahun saat memiliki bisnis berjualan emas yang stabil. Bisnisnya, She Wears Gold, telah memiliki jangkauan customer yang luas dengan lebih dari 115 ribu pengikut pada Instagramnya. Dia pribadi, sebagai pendiri bisnis dan pelukis memiliki pengikut yang besar pula di TikTok dengan lebih dari 2 juta pengikut."
145,Faza Meonk,"Komikus, komik Si Juki",Faza Meonk merupakan komikus yang sukses menciptakaan karakter yang bernama Si Juki. Cikal bakal dari komik Si Juki berawal pada tahun 2011 dengan menceritakan keseharian unik dari seorang mahasiswa dengan tema komedi dan anarkistik. Faza sukses dalam mencetak dan menjual ribuan eksemplar komik Si Juki sampai membuat film animasi berjudul “Si Juki The Movie: Panitia Hari Akhir”.
124,Rangga Umara,"Owner, Pecel Lele Lela","Seorang pegawai swasta yang memilih untuk membuka bisnis sendiri, Rangga Umara bisa dibilang dapat menjadi contoh dari banyak orang di Indonesia. Diawali dengan modal minim di bawah 5 juta yang datang sepenuhnya dari kantong sendiri, Rangga membangun Pecel Lele Lela betul-betul dari nol. Mulai dari menyewakan tempat bekas warung yang sepi dan menaikkan arus pembeli, hingga kehilangan koki andalannya, tidak mematahkan semangat Rangga untuk berhasil. Kini, Pecel Lele Lela telah tersebar di banyak kota di Indonesia, dan bahkan terkenal dalam kancah internasional juga."
91,Gita Wirjawan,Pengusaha dan Edukator,"Gita Wirjawan adalah seorang pengusaha, dan pegiat sosial yang pernah menjabat sebagai Menteri Perdagangan pada Kabinet Indonesia Bersatu II. Ia juga mendirikan Ancora Group dan Ancora Foundation. Ia juga pernah menjadi Kepala badan Koordinasi Penanaman Modal 2009-2012. Saat ini, ia sering membagikan diskusi kebangsaan dalam format podcast berjudul Endgame."
182,Viki Rahardja,Barista & Coffeepreneur,"Seorang barista yang memberanikan diri untuk memulai bisnis sendiri di industri kopi, Viki Rahardja adalah perpaduan apik dari keterampilan membuat kopi dan juga pengetahuan bisnis yang mumpuni. Baik itu menciptakan coffee shop sendiri dalam bentuk Kopi Bu Dokter, atau menjembatani pemilik kedai kopi dengan equipment yang bagus melalui Toffin, Viki adalah seseorang yang wajib kita pelajari jika ingin memiliki wawasan yang mendalam dalam dunia kopi."
37,Elwiana Monica,Brand Director SEC Bowl,"Sebagai brand director di SEC Bowl, sebuah bisnis F&B berbasis Rice Bowl, Elwiana memiliki keahlian di bidang strategi branding; terutama bagaimana customer servicing dapat mempengaruhi branding di bisnis F&B."
43,Mutiara Kamila Athiyya,CEO & Founder THENBLANK,"Pengusaha muda dan CEO THENBLANK, brand fashion populer yang dimulainya saat di bangku SMA hingga berkembang memiliki ~700k followers saat ini dan beberapa toko fisik di kota strategis di Indonesia."
45,Rachmat Kaimuddin,"Eks-CEO Bukalapak, 2021","Selepas berkuliah di Amerika Serikat Rachmat bekerja di Boston Consulting Group sebagai Konsultan selama tiga tahun sebelum mengambil gelar master. Setelah mendapatkan gelar masternya, Rachmat memfokuskan karirnya dalam bidang keuangan dengan bergabung dengan beberapa organisasi seperti Baring Private Equity Asia, Bosowa Group, dan Bank Bukopin. Akhirnya, ia menjatuhkan keputusan untuk melanjutkan karir sebagai CEO dari Bukalapak."
36,Agung Kurniawan,Owner Nourish Indonesia,"Salah satu pendiri Nourish Indonesia, Agung mengembangkan bisnis online nya melalui pemasaran digital yang efektif dan bertanggung jawab."
123,Iman Taufiq Djayadiningrat,"Owner, Hairnerds Studio","Seorang pekerja kantoran yang memiliki hobi untuk memotong rambut pada masanya, Iman menjadikan hobi tersebut sebagai landasannya untuk memulai bisnis Hairnerds Studio. Dari yang awalnya harus mendatangi para pelanggan untuk menyebarkan nama bisnisnya, hingga kini dimana ia sudah membuka banyak cabang dari Hairnerds Studio, perjalanan Iman mengembangkan bisnis tentu penuh tantangan, risiko, serta jatuh bangun. Namun, dengan strategi dan adaptasi, Iman berhasil menghadapi semuanya dengan ciamik."
63,Cindy Erdy,Co-Founder Fayt Official,"Fayt didirikan pada 2019, dimana koleksi sepatunya dibuat secara self-manufactured oleh pengrajin dengan 20 tahun lebih pengalaman."
144,Ardi Kemara Pradipta,Digital Marketing Expert,"Ardi Kemara Pradipta merupakan seorang Head of Growth and Business di Kuncie yang memiliki pengalaman lebih dari 10 tahun menjalani peran sebagai marketing analysis, digital marketing analysis, dan online brand development. Ardi memiliki keahlian khusus dalam inbound marketing, driving traffic, dan meningkatkan audience enggagement dengan dynamic campaigns. Ardi telah membantu mengembangkan strategi marketing dan brand online lebih dari lima perusahaan besar."
134,Sonia Basil,Founder Cakeology & Keku,"Seorang serial entrepereneur di bidang F&B, Sonia telah berhasil menciptakan 2 brand ternama dalam bidang cake design, yaitu Keku dan Cakeology. Menggunakan platform TikTok sebagai sarana edukasi dan juga sharing akan proses pembuatan kue, Sonia berhasil mendapatkan lebih dari 1.7 juta pengikut di platform tersebut. Namun, tidak berarti kedua bisnisnya terlupakan - malah mereka mendapatkan eksposur yang lebih besar dengan keberadaan Sonia di platform tersebut!"
29,Brilliant Liu,Founder House of Leaders,"Personal branding coach dan pendiri House of Leaders, sebuah komunitas internasional dengan fokus kepemimpinan dan inspirasi positif di Instagram dengan 1,3 juta pengikut (@houseofleaders.co)."
79,Gilang Margi Nugroho,Founder Kepiting Nyinyir,Gilang memiliki pengalaman yang cukup panjang dalam dunia bisnis makanan sebelum pada 2017 memutuskan untuk mendirikan bisnis seafood. Konsep bisnis yang diusung pun cukup unik. Dia memiliki beberapa dapur untuk melakukan pengiriman ke konsumen. Tidak ada resto dan tidak ada konsep makan di tempat. Dengan konsep ini Gilang mendapatkan beberapa penghargaan dari Gojek hingga liputan dari majalah SWA.
112,Ainun Chomsun,"Founder, Akademi Berbagi","Ainun Chomsun adalah seorang pendiri dan sukarelawan Akademi Berbagi - sebuah gerakan sosial yang berupaya untuk memberikan edukasi yang gratis dan tidak eksklusif kepada masyarakat luas, mulai dari ilmu tentang hobi hingga pekerjaan. Berdiri sejak tahun 2010, kini Akademi Berbagi telah mengadakan kelas rutin di 36 kota di Indonesia."
114,Safir Senduk,Master Financial Planner,"Seorang Financial Planner yang sering disebut sebagai Financial Planner Independen pertama di Indonesia, Safir telah membagikan ilmunya bagi orang-orang baik di dalam Indonesia, maupun di luar negeri. Tidak pernah pelit ilmu, Safir juga sering mengisi acara seminar, talkshow, majalah, hingga audio streamin untuk membagikan pengetahuannya tentang financial planning. Bersama Safir Senduk, mari pelajari aspek finansial apa saja yang harus diperhatikan bagi seorang pebisnis, baik itu untuk pemula maupun yang sudah berpengalaman."
27,Adi Reza Nugroho,CEO & Co-Founder Mycotech,"Seorang pelopor dalam lanskap startup bioteknologi di Indonesia, Adi ikut mendirikan Mycotech dan telah memimpin perkembangan industri, dengan memproduksi panel dan kulit berkualitas tinggi yang berasal dari serat nabati."
16,Monica Amadea,Founder & Owner Monomolly,"Membangun Monomolly sejak tahun 2017, Monica telah memimpin brand ini menjadi salah satu brand fashion lokal ternama di Indonesia. Monica juga memiliki passion tinggi terhadap self-development, edukasi, dan women empowerment."
76,Gaery Undarsa,Co-Founder & CMO Tiket.com,"Setelah lulus sarjana, Gaery melanjutkan perjalanan karirnya di dunia perbankan dan teknologi informasi di Kanada. Setelah sembilan tahun berkecimpung disana ia memutuskan untuk kembali ke Indonesia untuk mendirikan Tiket.com yang kini telah menginjak tahun ke-10."
93,Fajar Nugraha,"Co-Owner, Adorable Project",Fajar merupakan lulusan SMA yang sempat bekerja sebagai tenaga pemasar dengan gaji pas-pasan. Pada 2010 dia mendirikan Adorable Project dengan modal 180 ribu rupiah dan memproduksi aksesoris seperti gelang dan kalung. Bisnisnya berkembang hingga produk yang dijual semakin beragam. Saat ini pemasukan bulanan bisnisnya mencapai ratusan juta per bulan.
184,Nadya Amatullah,Founder & Designer Nadjani,"Berawal dari keresahannya sulit mencari busana muslim saat baru berhijab Nadya berganti haluan, dari membuka distro yang bernama ""Oglea"" yang digeluti sejak 2008 menjadi menggeluti busana muslim. Tahun 2011 akhirnya Nadya menggeluti bisnis busana muslim dengan ciri khas motif printing penuh warna yang terinspirasi dari alam. Brand busana muslim yang dijalani Nadya dinamakan ""NADJANI""."
135,Najla Bisyir,Owner Bittersweet by Najla,"Najla Bisyir adalah seorang ibu rumah tangga sekaligus owner dari Bittersweet by Najla. Perjalanannya di industri F&B dimulai ketika Najla mendapatkan hadiah sebuah mixer dari sang suami, yang menyalakan api semangat untuk memulai usaha sendiri. Dimulai dari membuat cinnamon roll, Najla berinovasi untuk menciptakan sebuah produk yang jarang ditemui sebelumnya; Dessert Box. Dengan rasa yang sangat enak dan penampilan yang unik, Dessert Box dari Bittersweet by Najla berhasil untuk menarik perhatian masyarakat Indonesia, dengan hasil yang sangat positif."
142,Gembong Suwito,Certified Financial Planner,"Seorang founder dari Komunitas Investor Bijak dan Finansial Planner di platform Finansialku, Gembong juga memiliki banyak sertifikasi yang membuatnya menjadi Financial Educator, Penasehat Investasi, Assessor Pasar Modal dan Financial Analyst yang terpercaya oleh banyak orang. Gembong sering membagikan ilmunya melalui tulisan artikel di platform Finansialku dan berbagai webinar mengenai pengelolaan keuangan dan investasi."
65,Setyanto Hantoro,Ex-Direktur Utama Telkomsel,Setyanto memiliki pengalaman yang begitu banyak dan beragam di berbagai posisi di BUMN Telkom. Dia pernah menjabat sebagai Assistant Vice President Business and Financial Analysis Telkom periode 2009-10. Hingga  posisi terakhir di EVP Strategic Investment periode 2016-19.
181,Sharen Fernanda,Praktisi Investasi Properti,"Sharen Fernanda merupakan seorang investasi properti yang memiliki pengalaman mumpuni pada bidangnya. Melalui pengalaman tersebut, Sharen mendapatkan pemahaman yang sangat dalam pada kelas aset properti ini, mulai dari apa yang harus diperhatikan ketika akan membeli, pros and cons, hingga metode investasi yang inovatif seperti crowdfunding"
85,Tika Mulya,Vice President Brand Elzatta,"Semasa berkuliah di Binus, Tika terpapar secara mendalam dengan dunia bisnis dan fashion dengan mengikuti beragam program pertukaran pelajar dan summer school baik di Inggris maupun Amerika Serikat. Selepas berkuliah, dia sempat menjadi desainer busana Lindsay Lohan di London Modest Fashion Week. Saat ini, Tika bertanggung jawab untuk mengelola brand dari Elzatta, terutama untuk saluran digitalnya."
115,Jeffry Jouw,"Co-Founder, Kick Avenue & USS","Diawali dengan hobi Jeffry sebagai seorang penggemar sepatu sneakers, dia melihat ada kesenjangan antara keinginan penggemar sneakers di Indonesia dengan suplai sneakers yang mereka cari dalam negeri. Oleh karena itu, dibuatlah Kick Avenue sebagai jembata para penggemar sneakers dengan barang impian mereka. Kick Avenue dimulai dari nol oleh Jeffry dan kerabat-kerabatnya - dari cek sepatu sendiri hingga pengirimannya. Dengan segudang pengalaman mendirikan sebuah marketplace dari awal berdasarkan hobi, Jeffry adalah orang yang tepat jika kamu ingin mencari tahu tentang seluk beluk pembangunan bisnis berdasarkan hobi!"
50,Joshua Dave,Founder & COO Melts Indonesia,"Sebelum di Melts Indonesia, Joshua memiliki berbagai pengalaman di berbagai bidang mulai dari mengelola coffee shop saat kuliah hingga fashion styling"
106,Hendy  Setiono,"Founder, Baba Rafi Enterprise","Hendy Setiono adalah CEO dan Founder dari Baba Rafi Enterprise yang saat ini menaungi beberapa brand seperti Kebab Turki Baba Rafi, Cakekinian, hingga Aura Dermatology. Hendy memulai usahanya dengan berjualan kebab menggunakan gerobak pada 2003 saat dirinya masih berkuliah. Belasan tahun berkembang, saat ini dia dikenal sebagai *expert* pada bidang bisnis franchise."
113,Sonny  Arca,"Founder, Martabak Pizza Orins","Bekerja selama 16 tahun sebagai Pegawai Negeri Sipil, Sonny dan Istri beranjak untuk menciptakan bisnis sendiri guna menambahkan penghasilan. Dimulai dari usaha jamur crispy yang memberikan pelajaran berharga tentang produk apa saja yang sebenarnya cocok untuk dijadikan bisnis, Sonny dan sang Istri membuat bisnis berbasis martabak dengan keunikan tersendiri - yaitu bentuknya yang mirip pizza! Latar belakang edukasi Sonny di STAN tidak menghalangi dirinya untuk menciptakan bisnis yang hampir dikenal di seluruh Indonesia."
2,Giorrando Grissandy,Expert Sosial Media Garis Temu,"Giorrando adalah co-founder dari Garis Temu yang mendalami dunia entrepreneurship, bisnis, dan digital, khususnya di sosial media."
109,Ridho Adityawan,"Founder, Ayam Gepuk Pak Gembus","Selepas lulus dari kampusnya, Ridho memutuskan untuk merantau ke Jakarta dan bekerja sebagai staf di salah satu perusahaan. Dia menyisihkan gajinya untuk membentuk sebuah bisnis dan resign. Dengan modal awal 26 juta rupiah, kini bisnis ayam gorengnya beromset 8 miliar dan tersebar di seluruh Indonesia dan beberapa negara tetangga."
58,Elisa Suteja,Co-Founder & Co-CEO Fore Coffee,"Setelah lulus dari kuliah, Elisa bergabung dengan Tokopedia pada tahun 2015. Setelah itu, dia bergabung dengan East Ventures, pemodal ventura yang menyasar early stage startup. Karena tertarik dengan industri new retail khususnya produk kopi, Elisa memutuskan untuk mendirikan Fore Coffee."
17,Zyta Delia & Ziki Hidayat,Co-founders Zyta Delia Official,"Ziki dan Zyta adalah kakak beradik yang telah mendirikan brand muslimwear ZYTA DELIA sejak tahun 2015, dan telah mengembangkannya hingga menjadi salah satu brand Hijab terkemuka di Indonesia."
116,Leonard Theosabrata,Direktur Utama SMESCO Indonesia,"Diawali dengan jabatannya sebagai salah satu pendiri The Goods Dept dan juga banyak bisnis lainnya, Leonard Theosabrata benar-benar tahu apa yang sebenarnya terjadi di balik layar banyak UMKM - jatuh bangunnya, suka dukanya, Pak Leo sudah melalui semua itu. Oleh karena itu, beliau di amanahi posisi sebagai Direktur Utama SMESCO Indonesia, dengan tujuan untuk memberdayakan UMKM di Indonesia sehingga mereka mendapatkan ilmu dan juga platform yang mumpuni untuk membantu bisnisnya menjadi sukses dan berkelanjutan."
86,Rizka Romadhona,Founder Lapis Bogor Sangkuriang,"Diawali dengan modal IDR 500 ribu dan mixer pinjaman dari mertua, Bu Rizka berhasil menciptakan sebuah produk yang digemari ribuan hingga puluhan ribu pelanggan. Sejak pertama kali mencetuskan ide Lapis Bogor di tahun 2013, Rizka berhasil melalui berbagai rintangan dan Lapis Bogor Sangkuriang sekarang terkenal khas sebagai salah satu oleh-oleh wajib dari Kota Bogor."
25,Johan Alvin Khosuma,CMO JCK Enterprise & Microblogger,"Seorang micro-blogger dan branding consultant di JCK Enterprise dengan segudang pengalaman tentang branding, Johan Alvin Khosuma, atau sering disapa sebagai Mas Jak, tidak sungkan membagikan ilmunya lewat berbagai macam channel media. Bagi Jak, ""sharing is growing""."
147,Mikael Jasin,Founder So So Good Coffee Company,"Mikael Jasin adalah seorang barista yang terkenal hingga kancah Internasional. Dari awalnya sebagai seorang Barista, Mikael kini berhasil merintis 2 perusahaan ternama di industri kopi, yakni So So Good Coffee Company dan Catur Coffee Company. Tidak puas disitu saja, Mikael juga sering berkompetisi di hadapan juri World Barista Championship, dan hampir selalu lolos ke ronde-ronde akhir. Pada saat ini, fokus Mikael berada pada pemberdayaan kopi dan petani kopi di Indonesia, dalam upaya untuk menyetarakan status kopi Indonesia sebagai salah satu kopi terbaik di dunia."
178,Gojek  ,Indonesian Multi Service Platform,"Salah satu startup tersukses yang lahir di tanah air, Gojek berdiri sejak tahun 2010 dan awalnya memberikan jasa penyambung antara ojek serta penumpang. Seiring waktu berlalu, jasa mereka meluas ke pengantaran makanan, perbelanjaaan, hingga lifestyle. Kini, Gojek hadir sebagai pendamping dari kehidupan sehari-hari bagi jutaan warga di Indonesia di puluhan kota."
120,Fitriani Rahmah,"CEO & Co-founder, Serasa Salad Bar",Seorang pengusaha dengan misi mengembangkan minat gaya hidup sehat dari makanan. Fitri memulai bisnis Serasa dari berjualan saus salad rumahan hingga sekarang memiliki cabang di 3 kota dan masih banyak lainnya di waktu dekat!
84,Jusuf Kalla,"Ketua Umum, Palang Merah Indonesia",Pengusaha dan politisi Indonesia yang menjabat sebagai Wakil Presiden Indonesia (Wapres) ke-10 dan ke-12. Ia merupakan Wakil Presiden Indonesia pertama yang menjabat 2 kali. Jusuf Kalla juga memiliki pengalaman dalam bisnis yang begitu lama dengan Kalla Group.
24,Steven Kurnia,Expert Digital Marketing Garis Temu,Steven adalah seorang eksekutif digital marketing di Garis Temu yang juga sedang menjalani perkuliahan S2 Manajemen Teknologi di Universitas Multimedia Nusantara.
187,Jie W. Kusumo,Food Photographer & Content Creator,"Jie W. Kusumo, dikenal juga sebagai Jiewa Vieri adalah seorang blogger dan fotografer kuliner. Diawali dari kesukaannya membagikan foto makanan dan memberi ulasan, Jie menerima banyak respon positif dari pembacanya yang mendorong dirinya untuk terus menjalankan food blogging. Jie kemudian merintis menjadi food photographer sebagai pekerjaan sampingannya saat masih bekerja di perusahaan, hingga sekarang sudah menjadi seorang profesional fotografer untuk kuliner. Selain itu, Jie juga aktif membagikan ulasan kuliner melalui halaman Instagramnya yang diikuti oleh ratusan ribu pengikut, dan mengelola IniJie Academy yaitu platform belajar fotografi untuk bisnis kuliner. "
126,Christie Basil,Founder Atvezzo & By Christie Basil,"Seorang pebisis muda yang menemukan passionnya di industri fashion, Christie menemukan peluang di segmen ready to wear dan lebih sepsifiknya lagi di wedding dresses. Mengedepankan estetika yang modern dan minimalis, Christie berhasil memikat banyak hati pengikut dan penggemar dari brand tersebut. Tak hanya itu, Christie juga aktif sebagai content creator di TikTok, yang merupakan pintu bagi peluang bisnis lainnya! Di platform tersebut, Christie mendokumentasikan banyak hal seputar bisnis dan passionnya, mulai dari konsep unik yang sedang ditelusuri, hingga ketika mendapat klien dari luar negeri."
110,Pieter Lydian,"Country Director, Facebook Indonesia","Sudah 25 tahun Pieter melanglang buana di dunia teknologi. Sempat berkarir di Berca ICT Group selama 10 tahun, Pieter lalu hijrah ke Dell dimana dalam 7 tahun beliau berhasil menjadi Managing Director Dell Indonesia. Beliau lalu memulai babak baru di Microsoft, dalam 5 tahun menjadi Director dari Public Sector. Setelah itu, beliau menjabat sebagai Presiden Direktur di Finmas, startup fintech, sebelum akhirnya ditunjuk menjadi Country Director dari Facebook Indonesia sampai sekarang. Selain berkarir di Facebook, Pieter juga banyak diundang menjadi narasumber di acara webinar/seminar dan acara berita live. "
49,Reza Aryabima,Co-Founder & CEO Artisan Professionel,"Lulus dari Universitas Pelita Harapan (UPH) pada tahun 2009, Reza bergabung di beberapa perusahaan mendalami fungsi sales dan marketing sembari menyelesaikan gelar master nya dari Binus Business School. Pada tahun 2017 mendirikan Artisan Professionnel karena melihat masih ada gap antara supply dan demand dari produk bulu mata palsu."
128,Arrofi Ramadhan,Desainer Interior & Founder Ruang A23,"Seorang mahasiswa di salah satu univesitas ternama di Indonesia, Arrofi memiliki keahlian tersembunyi dalam desain interior ruangan atau rumah. Melihat besarnya potensi yang dimiliki sebuah platform media sosial untuk menunjukkan keahliannya, Arrofi mulai memnbuat video pendek di TikTok yang berisi konten edukasional seputar desain interior. Rupanya, konten dari Arrofi sangat digemari oleh para penonton dikarenakan mereka penuh dengan tips yang praktis, serta mudah untuk digunakan. "
107,Handoko Hendroyono,"Founder, m bloc space & Filosofi Kopi","Seorang *creative storyteller*, Handoko telah berhasil mencetuskan ide bisnis yang selalu membawa sebuah cerita di belakangnya. Mulai dari Filosofi Kopi yang dimulai dari sebuah cerpen, hingga M Bloc Space dengan visi untuk mengedepankan *brand* dan produk lokal dari Indonesia, Handoko terus berupaya untuk menciptakan bisnis yang tidak hanya bersifat transaksional, tapi sebuah entitas yang dapat berinteraksi secara personal juga."
47,Danu Sofwan,Owner Radja Cendol & Es Teh Indonesia,"Pemilik Radja Cendol & Es Teh Indonesia, 2 usaha F&B yang laris dan berekspansi pesat dengan 800 cabang di seluruh Indonesia."
75,Helmy Yahya,"Public Speaker, Entrepreneur, Creator",Memiliki puluhan tahun pengalaman di dunia televisi. Ditunjuk sebagai Direktur Utama TVRI dan memberikan beragam gebrakan baru. Hingga kini mencoba merambah media baru digital di YouTube.
69,Joko Anwar,"Sutradara, Penulis Skenario & Produser",Joko memiliki jalan hidup yang sangat unik. Dia memiliki gelar Sarjana Teknik dari Aerospace Engineering Institut Teknologi Bandung dan pernah menjadi Wartawan di Jakarta Post sebelum menjadi seorang sineas. Dia telah menelurkan belasan film yang memenangkan beragam penghargaan di Indonesia.
15,Pamela Wirjadinata,Founder Posh the Label dan Co-founder SYCA,"Seorang pengusaha yang memiliki bakat untuk menemukan hal-hal yang akan berhasil di pasar, Pamela menjalankan banyak bisnis dalam waktu bersamaan; semua dalam industri berbeda!"
117,Darwis Triadi,Founder Darwis Triadi School of Photography,"Mengawali minat fotografinya sejak tahun 1979, Darwis Triadi pun meninggalkan profesi lamanya sebagai pilot dan mulai menggeluti karier di bidang fotografi. Menurut Darwis Triadi, untuk menjadi seorang fotografer, tidak harus memiliki kamera mahal atau mempunyai kamera dengan merek tertentu, karena fotografi mengajarkan kita untuk melihat komposisi gambar dan merasakan komunikasi ketika kita mengoperasikan kamera. Keresahannya melihat sulitnya akses informasi tentang dunia fotografi di Indonesia membuatnya memulai Darwis Triadi School of Photography pada tahun 2003."
68,Pandu Sjahrir,Investor dan Komisaris Bursa Efek Indonesia,"Seorang pebisnis yang sepertinya bisa melakukan semuanya, Pandu Sjahrir lekat pada industri batu bara di Indonesia selaku Direktur PT. Toba Bara Sejahtera. Tidak berhenti disitu, beliau juga memegang posisi strategis lain di beberapa instansi ternama di Indonesia, seperti SEA Group Indonesia dan Bursa Efek Indonesia. Pria kelahiran Boston, Massachusetts ini masih tergolong relatif muda untuk pencapaiannya, dan tentu ada banyak hal lagi yang akan dicapai beliau."
180,Pijar Mahir,Platform pembelajaran digital tersertifikasi,Era digital membantu akses pendidikan menjadi lebih mudah didapatkan. Pijar Mahir merupakan salah satu platform pembelajaran dan sertifikasi digital yang dirilis pada tahun 2020. Pijar Mahir dihadirkan untuk membantu masyarakat meningkatkan keahlian dan kompetensi sesuai dengan industrinya dengan biaya terjangkau.
6,Billy Oscar,Konsultan Branding & Marketing untuk bisnis F&B,"Beralih dari pekerjaan di bidang sales menjadi konsultan F&B dengan pengalaman yang luas, Billy telah membimbing berbagai bisnis F&B mencapai kesuksesan, termasuk Marco Padang. Keahlian utama Billy adalah untuk menciptakan brand kuliner yang viral di pasaran. "
46,Putri Tanjung,Chief of Creative Experience Office (CXO) by CT Corp,"Putri merupakan pengusaha muda dalam bidang agensi kreatif. Lulus dari Academy of Art university di San Fransisco, California. Pada usianya yang 15 tahun, ia mendirikan Creativepreneur."
94,Anita Loeki,Co-Founder & Director of Operational Mineral Botanica,"Sebelum memulai Mineral Botanica, Anita bersama sang suami tinggal di Amerika Serikat selama 10 tahun. Ketika kembali ke Indonesia di tahun 2014, Anita bersama sang suami melihat sebuah peluang untuk brand kosmetik berkualitas lokal di pasar Indonesia. Dari keinginan untuk menciptakan brand tersebut, Anita mendirikan Mineral Botanica, yang telah berhasil menjadi salah satu brand kosmetik terkenal di tanah air."
70,Sandiaga Uno,Menteri Pariwisata & Ekonomi Kreatif RI (2020 - 2024),"Sandiaga Uno memiliki pengalaman begitu banyak di bidang bisnis dan politik. Di bidang bisnis, sedari lulus kuliah di Amerika Serikat, Sandiaga menjadi manajer investasi di beberapa perusahaan sebelum nantinya mendirikan perusahaannya sendiri yaitu Saratoga Investama Sedaya. Karena performa perusahaannya yang baik, Sandiaga juga pernah menduduki posisi direksi di beberapa perusahaan seperti Adaro dan Mitra Global Telekomunikasi Indonesia."
83,Ignasius Jonan,Menteri Energi dan Sumber Daya Mineral RI (2016-2019) ,"Pengusaha Indonesia yang menjabat sebagai Menteri Energi dan Sumber Daya Mineral (ESDM) Indonesia sejak 14 Oktober 2016 hingga 20 Oktober 2019. Sebelumnya, Ignasius Jonan menjabat sebagai Menteri Perhubungan Indonesia sejak 27 Oktober 2014 hingga tanggal 27 Juli 2016. Dia juga pernah menjabat sebagai Direktur Utama (Dirut) PT Kereta Api Indonesia (KAI) (Persero) tahun 2009 s.d. 2014."
44,Teten  Masduki,"Menteri Koperasi & UKM Republik Indonesia, 2019 - 2024","Menteri Koperasi & UKM Republik Indonesia, dengan masa jabatan tahun 2019 - 2024, Pak Teten Masduki adalah seorang individu dengan jejak profesional yang sangat lekat dengan keadilan dan demokrasi. Di masa kini, Pak Teten fokus terhadap meberdayai para UMKM di Indonesia untuk mencapai potensi mereka sebagai pendorong ekonomi negeri."
179,Teuku Daffa,Certified Public Speaker & Public Speaker Content Creator,"Teuku Daffa merupakan seorang digital creator yang membahas seputar public speaking. Teuku memulai karirnya sebagai digital creator di platform TikTok sejak awal 2021 dan berhasil mendapatkan 9 juta views hanya dalam dua bulan. Selain menjadi digital creator, Teuku juga masih aktif berprofesi sebagai Continuous Improvement Supervisor di perusahaan pelayaran swasta Indonesia."
121,1000 Startup  Digital,Pelatihan pengembangan kewirausahaan berbasis teknologi digital,"Gerakan Nasional 1000 Startup Digital adalah upaya bahu membahu penggerak ekosistem startup digital Indonesia untuk saling terkoneksi, saling berbagi pengetahuan dan pengalaman.

Diinisiasi sejak 2016, gerakan ini diharapkan mendorong terciptanya mencetak startup yang menjadi solusi atas masalah dengan memanfaatkan teknologi digital."
